" And I see you have your your housemaid in attendance? " [SEP] " Cook, actually, " I said. [SEP] Berta drew up all five feet one inch of herself in magisterial silence. [SEP] " My family could not arrive in time for the funeral, " I said. [SEP] " What a pity. " [SEP] Not really. [SEP] " Yes, " [SEP] I said. [SEP] " They set off from Rome just as soon as they heard the news. [SEP] I believe they'll	arrive	home sometime tomorrow. [SEP] " Mother, Father, and my sister, Lillian, were at present hurtling across the Atlantic aboard a Cunard ocean liner, returning from a three-month-long European shopping excursion. " [SEP] And my brother, Andrew, is in the thick of studying for his final exams at Yale, so I told him to stay absolutely chained to his desk, or Father would be cross. [SEP] "	natural	COCA; 2015; New York, N.Y. : Minotaur Books,Edition: First edition; Come hell or highball :a mystery; Chance, Maia; FIC: Come hell or highball :a mystery	arrive	natural	natural	1	believe	homebase	homebase	
I arrived at the INPO office for an 11:00 AM press conference. [SEP] Two TV stations, 1 or 2 radio stations and several print journalists were there. [SEP] I knew many of them so we did that right cheek, left cheek, right cheek kiss thing around the room for several minutes. [SEP] Then we ordered macchiato. [SEP] We stood/sat around waiting for that to	arrive	-- no need to get in any hurry you know.	natural	CORE; Personal Blog; Way Down In Kosovo; http://waydowninkosovo1.blogspot.com/	arrive	natural	natural	1	none	3rd	none	
" They say that Sahalie Falls is 100 feet tall. The pure drop after the first dip is about 80 feet. It's an impressive sight by itself, never mind seeing somebody kayak off it, " says photographer Tim Kemple. [SEP] A recent snowstorm left the landscape highlighting vibrant blue and green hues. [SEP] " The water was bright blue, the moss was electric green, and the snow juxtaposes everything perfectly, " says Kemple. [SEP] The group waited for clouds to	arrive	, ensuring Kemple was photographing in even light.	natural	CORE; Personal Blog; Extreme Photo of the Week -- National Geographic; http://adventure.nationalgeographic.com/adventure/extreme-photo-of-the-week/	arrive	natural	natural	1	none	3rd	none	
Washington wrote to Alexander Hamilton on the 22nd, " The distressed situation of the army, for want of blankets and many necessary articles of clothing, is truly deplorable, and inevitably must bring destruction to it, unless a speedy remedy is applied. " Local leaders did what they could to supply the army with food and clothing. [SEP] Reinforcements sent by Congress began to	arrive	, and Washington felt the army was sufficiently ready to mount an attack.	natural	CORE; Historical Article; History of the Battle of the Brandywine; http://www.ushistory.org/brandywine/thestory.htm	arrive	natural	natural	1	none	3rd	none	
So why should you buy an eBook reader? [SEP] Convenience. [SEP] Instead of going to a bookstore to make a purchase or ordering a book online and waiting for it to	arrive	, you can purchase and download an eBook anytime, from any location with a Wi-Fi connection.	natural	CORE; Review; eBook Reader 2013 | Compare Best eReaders | eBook Reader; http://ebook-reader-review.toptenreviews.com/	arrive	natural	natural	1	none	3rd	none	
Packages addressed to Nicholas Danner c/o Toyco. [SEP] Why they weren't sent to his home, Danner couldn't say. [SEP] He didn't even know where they came from. [SEP] No notes included. [SEP] No return address. [SEP] The contents of these tiny parcels were oddly shaped bits of plastic and metal, like pieces left over from an assemble-it-yourself kit, or the sweepings of a junk shop. [SEP] It could have been a joke, or the activity of a schizophrenic, he thought, until the third package	arrived	with a note.	natural	COCA; 2017; Hoboken Vol. 132, Iss. 3/4,  (Mar/Apr 2017): 84-176.; The Man Who Put the Bomp; Chwedyk, Richard; FIC: Fantasy & Science Fiction	arrive	natural	natural	3	none	3rd	none	
To celebrate our friend's birthday, my family invited a few people over for lunch, including a local pastor, his wife, and their young children. [SEP] I tidied up the house and inspected every corner (or so I thought) before everyone	arrived	. After our guests left, I went into the bathroom and closed the door -- and was mortified to see my bra hanging behind the door!	natural	COCA; 2008 (Dec 2008); Vol. 211, Iss. 6; pg. 80; RED IN THE FACE; MAG: Redbook	arrive	natural	natural	3	none	3rd	none	
Chunyu Bai stood at the bus stop, waiting for a tunnel bus. [SEP] " The Cross Harbour Tunnel is a wonderful piece of engineering linking Kowloon and Hong Kong island. In the past, if you wanted to go to the Hong Kong side from Kowloon or vice versa, you had to waste a lot of time, first on the bus and then the ferry. But now, a tunnel bus from Mongkok to Causeway Bay takes less than fifteen minutes, " he thought. [SEP] The bus	arrived	. [SEP] He got on. [SEP] He dropped a coin into the fare box, climbed to the upper deck, and chose a window seat.	natural	COCA; 2004 (Summer); Vol. 47, Iss. 4; pg. 10, 33 pgs; Intersection; Liu Yichang; FIC: Literary Review	arrive	natural	natural	3	none	3rd	none	
We'll go to the market in Beaumont. [SEP] I've read it's wonderful and they sell live animals. [SEP] " [SEP] " [SEP] I've always wanted a goat. [SEP] " [SEP] They laugh, clicking glasses, proud that they made it this far. [SEP] That they have reached this place. [SEP] They have opened the shutters and made food from the garden. [SEP] Sonia is savoring the dry red wine Katrine and Michel left them when she hears the mewing. [SEP] On the windowsill just outside she sees the cat. [SEP] She hasn't even thought about the cat since they	arrived	, but now he is on the ledge, begging to be let in. [SEP] Pet care was part of their exchange. [SEP] She hadn't minded.	natural	COCA; 2003 (Winter); Vol. 132, Iss. 1; pg. 106, 15 pgs; Exchanges; Mary Morris; FIC: Daedalus	arrive	natural	natural	5	none	3rd	none	FID
He recalled how intensely the man had worked during the recent space mission. [SEP] Spivey was driven, all right. [SEP] Sometimes that could be a good thing. [SEP] It could also make some people dangerous. [SEP] " You're sure these people will keep their word? " she whispered to Manella. [SEP] He looked back with amusement. [SEP] " Of course I'm not sure! Lustig may be nonviolent, but what do we know about his backers? " [SEP] Again, he shrugged. [SEP] " We'll find out soon enough. " [SEP] Ask a foolish question.. Teresa thought. Their tour guide	arrived	at last, a dark-haired, dark-skinned young man with broad shoulders and a pleasant smile.	natural	COCA; 1990; Bantam Books, New York; Earth; David Brin; FIC: Earth	arrive	natural	natural	3	none	3rd	none	
Rothberg applied regular admission to Harvard. [SEP] The Harvard interview was at the suburban mansion of a prominent St. Louis lawyer, known to their family. [SEP] Rothberg followed the lawyer from one room to another in his meandering rec-room basement playing pinball and choosing songs from his 1950s era jukeboxes. [SEP] The assumption seemed to be not only that he would get into Harvard but that he would go. [SEP] " What are you going to do, stay at home and look at me? " His mother said when the admission letter	arrived	. " I'm going to work every day. " She shrugged her shoulders characteristically. " I'm not sure I even like the idea of you waiting around for me to die. " But Rothberg didn't believe her. This was his father's issue. For once, his father didn't say a word.	natural	COCA; 2019 (2018/09/22); Issue 100; Rothberg's Fathe	arrive	natural	natural	3	none	3rd	none	
Henry followed Richard and McCampbell outside. [SEP] Snow had fallen the previous night. [SEP] Only patches remained, but the cold crept through Henry's boots, resoled many times since he was a quartermaster for Jubal Early. [SEP] The swan was the biggest and finest he had ever seen, and it had the river all to itself. [SEP] Nelle	arrived	with baby John and his nurse, Pearl. [SEP] Nelle was due to give birth again in the spring, and her shape showed through her winter coat. [SEP] " You shouldn't have walked, " said Richard, sounding anxious. [SEP] " A five-minute stroll, " Nelle said. [SEP] " It's bad enough I can't ride. "	natural	COCA; 2019 (2018/01/01); Vol. 54, Issue 1; Carbon Tet: Rapidan, Virginia, December 1910	arrive	natural	natural	5	none	accompaniment	with baby John and his nurse	
If memory serves, in one of his last chapters he wrote about female penguins and this strange, innate sense they seem to have. [SEP] Even though they are hundreds of miles away from their eggs, they somehow know exactly when their chicks will hatch and are able to	arrive	home within hours of the big event.	natural	CORE; Personal Blog; Cynicism & Hypocrisy :: 2 Sides of the Same Coin; http://joelnclark.com/2012/09/2-sides/	arrive	natural	natural	1	none	homebase	home	
You're back at your desk at HackFix by 2:00 p.m. [SEP] The rest of your afternoon is spent catching up on the trajectories of HackFix projects during your vacation. [SEP] A costly five-year effort finally succeeded in cracking security at the Yunnan-Hanoi Auspicious Electron particle accelerator, and a root kit has installed itself in the unit's software controller. [SEP] It's dark by the time you	arrive	home at your apartment. [SEP] You phone out for Chinese and when it arrives, you eat it standing up, out of the carton, gazing through the window at the lights of Central Park far below. [SEP] The lake has frozen over but you can't spot any skaters. [SEP] The Park Conservancy probably thinks the ice is still too thin.	natural	COCA; 2017; Hoboken Vol. 132, Iss. 5/6,  (May/Jun 2017): 208-228; The First Day of Someone Else's Life; Schoffstall, John; FIC: Fantasy & Science Fiction	arrive	natural	natural	1	none	homebase	home	
Is there assigned seating on the bus? [SEP] There is no assigned seating on the bus - it's first come, first serve. [SEP] If you have a number of people in your party that want to sit together, you should make sure to	arrive	15-20 minutes early.	natural	CORE;   Informational Description; Sex and the City Hotspots - Zerve; http://www.zerve.com/OnLocation/SATC	arrive	natural	natural	1	none	listener	none	
Corkscrew Swamp, where a boardwalk takes us through a fascinating and beautiful natural world of giant cypresses and Virginia creeper, will produce stunning nature images by the dozens, and overall is a very exciting place. [SEP] On Day Six, return to Palm Beach Gardens via Lake Okeechobee and the rural heart of South Florida. [SEP] In the early afternoon, you will	arrive	back at the hotel where tour services will end.	natural	COCA; 1996 (Jan); Jan96, Vol. 62 Issue 1, p24, 4p, 1bw; Photographer's paradise.; Goldberg, Gerald S.; ACAD: PSA Journal	arrive	natural	natural	1	none	listener	back at the hotel	
Catch the BC Ferry ($82.25 for two) from Victoria for the hour-and-a-half journey to Vancouver. [SEP] When you	arrive	, seek out the Granville Island Farmers Market to browse local shops like coffee roaster JJ Bean and the Granville Island Tea Co. [SEP] Take Edible Canada's Shop and Sample Tour ($40) to meet farmers and artisans, do some tasting, and snag discounts. [SEP] Next, head toward the harbor to explore historic Gastown, which is packed with boutiques, cocktail bars, and art galleries.	natural	COCA; 2013; Aug2013, Vol. 42 Issue 7, p94. 1p; THE PACIFIC Northwest; KELSO, STIRLING; MILLER, JENNIFER; MAG: Money	arrive	natural	natural	1	none	listener	none	
One day she went by the placement office and was told she had missed a NASA recruiter the day before. [SEP] Darden filled out an application and was later offered the job in its computing pool. [SEP] The notice arrived about the time she received offers from the Norfolk Division of Virginia State College (now Norfolk State University) and Hampton Institute, but NASA offered more money and more adventure. [SEP] Or so she thought. [SEP] She	arrived	in 1967 when NASA had seen some of its most historic achievements. [SEP] Computer pools were now integrated.	natural	COCA; 2017 (17-01-01); "Hidden Figures" no longer. New movie highlights the achievements ...; NEWS: Virginian-Pilot	arrive	natural	natural	3	none	protagonist	none	
Foggy became more of a nuisance than a partner. [SEP] The more she gave Spurgell, the less there was for Foggy. [SEP] At first, Foggy didn't mind; he knew that deep down she still cared. [SEP] He could take the punches as long as Spurgell got the love. [SEP] Marge spent her days napping with Spurgell and keeping a snug home. [SEP] She gave up smoking for the babe and upped the ante on sweets. [SEP] Most of her clothes didn't fit anymore, so she took to wearing loose nighties. [SEP] More often than not, Foggy would	arrive	home from work and find the two of them curled up on the couch in front of the TV, fast asleep, their faces smudged with whatever colour icing she'd used that day for baking.	natural	COCA; 2019 (2018/03/22); Vol. 98, Issue 1; THE OICKELS	arrive	natural	natural	1	none	protagonist	home	
The cinema has fifteen seats -- soft moss-green armchairs -- and two cutting-edge sea-green projectors that whirr softly in the darkness behind a glass panel. [SEP] To get from Hammars to the cinema, you and your two half siblings squeeze into the back seat of the father's car at exactly 7:40 P.M., twenty minutes before the movie starts. [SEP] It is a short drive, ten minutes at the most, but once you	arrive	you need an additional ten minutes to adjust. [SEP] No rushing in and out. [SEP] Same thing in the afternoon.	natural	COCA; 2019; 12/17/2018, Vol. 94, Issue 41; Time for the Eyes to Adjust	arrive	natural	natural	1	none	protagonist	none	
At a nearby restaurant, we met other boat owners who'd also come into West Palm Beach from the Bahamas, had the same experience we did, and were guilty of jumping ship before clearing Customs. [SEP] So much for Homeland Security, I thought. [SEP] We'd	arrived	on a Sunday afternoon. [SEP] The U.S. Customs phone number we'd called was listed in the cruising guides for use on weekends or after business hours.	natural	COCA; 2003 (Dec); Vol. 192, Iss. 3; pg. 47; Coming Home Sawdust's crewmembers feel a mixture of joy and sadness on returning to Annapolis after their 6,000-mile Great Circle Route voyage.; George Sass, Sr.; MAG: Motor Boating	arrive	natural	natural	5	none	speaker	none	
I had been blessed, three years earlier, to find a house and a housekeeper in one, when one of my aged college dons died and her lifelong companion fell on hard times. [SEP] Miss Pidgeon understood the conflicting urges of comfort and privacy, and provided the first without threatening the second. [SEP] She lived in what had once been the servants' quarters, separated by a small garden from the house proper, and with so much as a few hours' warning, I would	arrive	to find the icebox filled with milk and essentials, a fire laid (if not actually burning), newspapers beside the settee, and never more sign of an actual person than a brief note of welcome on the kitchen table. [SEP] She never made the mistake of tidying my papers, and she had an unexpectedly good eye for who might be an intruder and who looked like one of the owner's odd friends.	natural	COCA; 2016; Dreaming spies : a novel of suspense featuring Mary Russell and Sherlock Holmes; Laurie R King; FIC: Dreaming spies : a novel of suspense featuring Mary Russell and Sherlock Holmes	arrive	natural	natural	1	none	speaker	none	
During the later stages of my father's battle with cancer, he spent many hours in bed recovering from chemotherapy treatments. [SEP] I would	arrive	every Sunday morning, not knowing if our conversations would take place at the kitchen table or at his bedside. [SEP] One particularly rough chemo session left my father so weak that he did not even wake up when I entered his bedroom.	natural	COCA; 2005 (Dec); Dec2005, Vol. 33 Issue 2, p68-70, 3p; reading lifelong literacy links into the school library; McPherson, Keith; ACAD: Teacher Librarian	arrive	natural	natural	1	none	speaker	every Sunday morning	
He had to take my temperature and show her I was as normal as anyone. [SEP] " Well, I still think she can make herself hotter at will, " she muttered. [SEP] Perhaps I could. [SEP] Perhaps there were some hot embers burning inside me, something I could flame up whenever I wanted to and, like a dragon, breathe fire at her. [SEP] I must say she worked hard at finding me a home, but it wasn't because she felt sorry for me. [SEP] She simply wanted me out of her orphanage almost as soon as I had	arrived	. Sometimes I overheard her describing me to prospective foster parents, and I was amazed at the compliments she would give me. According to her I was the brightest, nicest, most responsible child there. She always managed to slip in the fact that I had an inheritance, acres of land, and a house kept in trust.	natural	COCA; 2005; New York :; Pocket Books, Edition: 1st Pocket Books hardcover ed; Child of darkness; Andrews, V. C. (Virginia C.);  FIC: Child of darkness	arrive	natural	natural	5	none	speaker	none	
In my copy at home, Danny's copy, there is more: On the title page, my stepfather has written: " To my longed-for son, with hopes that our paths will meet again, in this jungle or the next. " I'd gotten the book from Danny the week before, when he'd called and asked me to come and get rid of the things Melissa had left behind. [SEP] " Dad's latest, I assume, " he'd said when I	arrived	, tossing me a wrapped package. [SEP] " There are more books plus some sheets and things. I'm late for work. Take all of it, " he'd said, glaring frantically around the living room, which was a disaster. [SEP] " Don't clean up. I'll do it later. " [SEP] Then he fled, slamming the door.	natural	COCA; 2013; Mar2013, Vol. 135 Issue 3, p35-45. 11p; The Stanford Marshmallow Experiment; MOORE, FERNANDA; FIC: Commentary	arrive	natural	natural	5	none	speaker	none	
Anna Gardie's nearly half decade of fame came at the height of refugee stage success, and she demonstrated her talent for transforming the misfortunes of slave revolution into stage celebrity. [SEP] Newspaper reports signal the beginning of her US stage career during Philadelphia's 1794 spring theater season, when she appeared at Thomas Wignell's New Theatre in La forÃªt noire, a French pantomime. [SEP] Advertisements billed her as newly	arrived	" from the Theatre at Paris, " even though, by all accounts, she had most recently come from Saint Domingue (" New Theatre "). [SEP] Whether by choice or not, Gardie almost always performed nonspeaking roles, usually as a dancer and pantomimist. [SEP] She also occasionally sang French songs, and her greatest American success (judging by its frequency in her repertoire) seems to have been as Columbine, the nonspeaking female lead in the winter holiday season's harlequinades.	natural	COCA;   2016; Chapel Hill Vol. 51, Iss. 3,  (2016): 623-652,755; The Life and Death of Anna Gardie: American Theater, Refugee Dramas, and the Specter of Haitian Revolution; Reed, Peter P; ACAD: Early American Literature	arrive	natural	natural	3	other; bill	protagonist	from the Theatre at Paris	
The employer is not responsible for the cost of a worker's lodging when the worker chooses to	arrive	earlier than required for a visa appointment at the U.S. Consulate.	natural	CORE; FAQ about Information; OFLC Frequently Asked Questions and Answers; http://www.foreignlaborcert.doleta.gov/faqsanswers.cfm	arrive	natural	natural	1	other; choose	attitude holder	none	
Warm weather is beginning and winter is becoming a distant memory. [SEP] While many of us use this time to do a little cleaning around the house, it's also a good idea to perform routine summer maintenance to our car-especially before hitting the road on that much-anticipated family vacation. [SEP] So whether you're planning a cross-country trip, or treks back and forth to summer camp and baseball practice, having a well-maintained car can ensure that you	arrive	to and leave from your destination without incident. [SEP] John B. Townsend II, director of public and government affairs for AAA Mid-Atlantic, says car care is essential heading into the hot season. [SEP] " Most motorists fail to realize it, but extremely high heat actually exacts a higher toll on cars and engines than extremely cold weather does, " he says.	natural	COCA; 2008 (May 2008); Vol. 63, Iss. 7; pg. 126, 2 pgs; Are you really ready for that weekend road trip?; Kevin Chappell; MAG: Ebony	arrive	natural	natural	1	other; ensure	listener	to your destination	
The year before he left, my father took me to the racetrack. [SEP] He sold life insurance during the week, and on weekends he went to the races. [SEP] I was eleven years old, and sitting in the front seat of our rusty Ford station wagon. [SEP] The speed limit was twenty-five, but my father was going fifty, running through stop signs, our tires screeching as he cut around bends. [SEP] He'd grown up on a ranch and knew about horses. [SEP] He explained that if you	arrived	before starting time, you could go down to the track and examine the animals. [SEP] Sometimes a horse had been worked too hard in practice, and you could notice it before the race began, see it in the creature's face, the moisture around his eyes. [SEP] " It's like insurance, " my father said. [SEP] " You try to guess the odds, then you decide. "	natural	COCA; 1992; Summer92, Vol. 33 Issue 2, p201, 16p; Spitting image; FIC: Massachusetts Review	arrive	natural	natural	3	other; explain	embedded listener	before starting time	
The best you can do to prepare your child for college is what you have been doing... love, support, encourage. [SEP] Show them you care and that you are excited for them. [SEP] Let them know you believe they will be successful goes a long way. [SEP] Do not feel like you have to be the first to	arrive	on moving day. [SEP] Getting there early or later will still result in the same room, set-up, etc.	natural	CORE; Personal Blog; It's Good To Be The Dad; http://www.itsgoodtobethedad.com/	arrive	natural	natural	1	other; feel like	listener	none	
"Tthe fellow with whom I'd intended to do a bit of business met with an accident. I'm rather frazzled, I'm afraid. " [SEP] It wasn't entirely the truth, but it was as much as she was willing to divulge to anyone. [SEP] The fact that Anthony was a Benchley only made her more cautious. [SEP] She'd learned her lesson. [SEP] " Business? " he repeated. [SEP] " You know, I'd heard that you	arrived	the other night with a dozen carriages full of your possessions. [SEP] And -- Well, I'm not certain how to be delicate about this, but my solicitors keep telling me that Frederick signed Adam House over to you. [SEP] I thought perhaps you might consider returning the house to the Benchley family. [SEP] God knows I could use it to settle some of Frederick's remaining debts. [SEP] "	natural	COCA; 2011; New York : St. Martin's Paperbacks,Edition: St. Martin's Paperbacks ed; A beginner''s guide to rakes; Enoch, Suzanne; FIC: A beginner''s guide to rakes	arrive	natural	natural	5	other; hear	embedded listener	the other night	
Anyway, Mr. Jones can tow the van to Herefordshire tomorrow when the shops open. [SEP] How are you feeling? [SEP] Shall we try to find a doctor today? [SEP] " " [SEP] No doctor, thanks. [SEP] I just have a few aches and pains. [SEP] Thank you for taking care of the van. [SEP] You must have been up early. [SEP] " " [SEP] Depends on how you look at it. [SEP] Up early or up late. [SEP] I never went to bed. [SEP] I hoped Hans might	arrive	with an explanation. [SEP] I still wanted to believe my suspicions were a nasty nightmare. [SEP] "	natural	COCA;   2003 (Summer); . Vol. 79, Iss. 3; pg. 438; Searching for Arthur's stone; Deborah Prum; FIC: The Virginia Quarterly Review	arrive	natural	natural	1	other; hope	accompaniment	with an explanation	
It's overcast, " she murmured. [SEP] Meg nodded. " Look at the sea. [SEP] I thought I felt us tossing about rather more vigorously than usual. [SEP] " [SEP] The sea was near black without the stars to light it, but gray foam crested over every wave. On deck, the heightened pitch of the ship was more clearly defined. [SEP] " [SEP] Do you think a storm is coming? [SEP] " [SEP] " [SEP] Perhaps. [SEP] " Meg shuddered. " [SEP] I do hope we	arrive	home before it strikes. [SEP] " [SEP] " [SEP] I'm certain we will. [SEP] " Serena wasn't concerned. [SEP] They'd survived several squalls and a rather treacherous storm in the past weeks. [SEP] She had faith that Captain Moscum could pilot this ship through a hurricane, if need be.	natural	COCA; 2011; New York : Forever,Edition: 1st ed; Confessions of an improper bride; Haymore, Jennifer; FIC: Confessions of an improper bride	arrive	natural	natural	1	other; hope	homebase	home	
" I would give anything to swap places with you. " [SEP] " Sometimes wars are won by those who just stand sentinel, sir. " [SEP] " If so, I'd rather be doing the fighting, while someone else wins the war. " [SEP] Hartwell explained that he was not permitted within Ballard House due to some disagreement with Sir Charles, so he left me at the front door and led my horse on to the stables. [SEP] Sir Charles was informed that I had	arrived	, and presently he came downstairs to the parlour. [SEP] He had a rumpled, untidy look, was unshaven rather than bearded, and his hair was long and tousled. [SEP] His expression was that of a man who had been interrupted while doing something important, and was feeling a bit cross about it.	natural	COCA; 2012; Mar/Apr 2012; Electrica; McMullen, Sean; FIC: Fantasy & Science Fiction	arrive	natural	natural	5	other; inform	speaker	none	
KOPPEL And we will be joined live by correspondent John Laurence from Sofia when we come back in just a moment. [SEP] KOPPEL: Joining us now live from Sofia, Bulgaria is ABC News correspondent John Laurence. [SEP] John, I know that you are only recently	arrived	there, and that is not a country in which you have specialized over the years, but nevertheless, give me a sense of why it is, when all of Europe seems to be moving away from Communism, why do you think the Bulgarians have decided to elect a Communist government? [SEP] JOHN LAURENCE, ABC News: Well, Ted, it could be a combination of reasons.	natural	COCA; 1990 (19900614); New Troubles in Romania and Bulgaria; SPOK: ABC_Nightline	arrive	natural	natural	3	other; know	listener	there	
My dearest love, Please do not abandon me. [SEP] The only solace that I can find is the hope that you will mourn for the return that I can not promise. [SEP] Thinking of you, I am unable to sleep. [SEP] The prayer call of the priests' silver trumpets has yet to mark the dawn, and I write by the light of an oil lamp, knowing this activity will not disturb my hosts. [SEP] First, I wish you to know that I	arrived	safely for Passover, and I can report that Pascal and Seraphine are in good health. [SEP] Now that my travel has ended, I have the luxury of applying markings to scroll. [SEP] Far apart as we are, my intent is to begin each day of this week with you. [SEP] I picture you listening to my letter and thus pretend we are in conversation. [SEP] It aids me that I can imagine you reclining on your couch in our villa far above the harbor.	natural	COCA; 2004; Tyndale House Publishers; The weeping chamber; Brouwer, Sigmund, 1959; FIC: The weeping chamber	arrive	natural	natural	3	other; know	speaker	none	
Coffee is absolutely essential for me to feel like a human. [SEP] During my commute, I love to have coffee with me. [SEP] It makes it so much better. [SEP] And I love to	arrive	at the office or the gym fully caffeinated.	natural	CORE; Other; Let's Talk Morning Routines: What Do You NEED to Do When You; http://www.xojane.com/fun/lets-talk-morning-routines	arrive	natural	natural	1	other; love	attitude holder	at the office	
" Where's the trunk? " he asked. [SEP] " Don't worry, I have it in the car, " she said, and he looked at her from under the overgrown ledge of his brow. [SEP] He didn't ask her to carry it in, so she didn't offer. [SEP] She wondered if he'd read all the logbooks and journals. [SEP] Nothing in his watery green eyes betrayed his thoughts. [SEP] Phoebe's mother called her inside to help pack up the kids. [SEP] Phoebe needed to hit the highway soon if she wanted to	arrive	home before the kids' bedtime. [SEP] Also, she didn't want to fall asleep behind the wheel. [SEP] She rushed the kids to say goodbye to their grandfather and loaded them into the car.	natural	COCA; 2018 (2017/09/22); Vol. 97, Issue 3; THE WRECK OF THE IPSWICH SPARROW	arrive	natural	natural	1	other; need	protagonist	home	
Lake Michigan is proudly the sixth largest freshwater lake in the entire world! [SEP] We are located at the most northern point of this lake and are surrounded by forests, dunes, beaches, agriculture, and more! [SEP] Our beautiful Marina offers tourists the opportunity to	arrive	by boat or dock your boat here while visiting the area. [SEP] Commercial fishing still exists in the area and plays an important role in the community.	natural	CORE;   Informational Description; Naubinway & Engadine Michigan - Visit the Top of the Lake; http://www.topofthelake.org/	arrive	natural	natural	1	other; offer	3rd	none	
The train was much less crowded this time around and so Michael and I each took two seats and I did get a good bit of sleep. [SEP] Our train had originally be scheduled to	arrive	at 8:40 in the morning and by noon (and several more " unscheduled " delays ") we were told that we wouldn't be getting in until almost 3 in the afternoon.	natural	CORE; Opinion Blog; All Stace, All the Time; http://allstace.blogspot.com/	arrive	natural	natural	1	other; schedule	3rd	none	
I want to say that I am more ashamed of what I did in that classroom yesterday than I have ever done in my life. [SEP] It was flat wrong and I have no case here. [SEP] And I'm sorry, for the event. [SEP] But not now, not ever, will I ever be apologetic for it's intention. [SEP] Every day, we, the students of Capeside, come to a place where you guys are in charge. [SEP] You tell us when to	arrive	, when to leave, when to move rooms, when to eat. [SEP] You tell us when we're doing well, when we need to be doing better and we never ever question it because we're afraid to.	natural	CORE; Other; To Be Or Not To Be ... (1) - TV.com; http://www.tv.com/shows/dawsons-creek/to-be-or-not-to-be-1-2834/	arrive	natural	natural	1	other; tell	speaker	none	
" Please, may I sit? " [SEP] Uncle Ibrahim asked. [SEP] " Am I one to stop a holy man of God from sitting? You'll do as you wish, koh? " [SEP] " I'm here because I was asked to be here. " [SEP] " By whom? " [SEP] " That is irrelevant. " [SEP] " It is very relevant when you enter a man's home to speak with him about a matter that does not concern you. " [SEP] Uncle Ibrahim sighed. [SEP] " I know you were told that I would	arrive	today. [SEP] I'm here about the engagement between your daughter and Shagye. [SEP] " [SEP] Henry's father laughed long and hard before sucking thoughtfully on the sugarcane. [SEP] " [SEP] I want to stop you from making a mistake. [SEP] See what Shagye can bring the family? [SEP] How he can take care of Miriam? [SEP] We know your reputation in this place, koh. [SEP] You should be happy that Shagye wants to marry your daughter. [SEP] "	natural	COCA; 2016; Baltimore Vol. 39, Iss. 3,  (Summer 2016): 602-608,729; A WORLD NOT YOURS; Kurian, Afabwaje; FIC: Callaloo	arrive	natural	natural	1	other; tell	speaker	today	
There was also a charming lady in her late thirties or perhaps early forties who was secretary to a member of Parliament, She was responsible for my enjoying a weekend at the country home of well-to-do friends of hers. [SEP] She remarked at dinner once that she had an invitation to spend the weekend with friends but was unable to accept. [SEP] So, playing the role of the brash American, I suggested that she tell them I would	arrive	as substitute. [SEP] She did, and I did. [SEP] Her friends entertained me extravagantly, I thought, and took me around to meet their friends, who also felt obliged to entertain me. [SEP] One of them later visited us in Paris, and in return for his and his wife's hospitality I took him to dinner in Paris and then to the opera.	natural	COCA; 2013; Summer2013, Vol. 121 Issue 4, p548-559. 12p; INNOCENTS ABROAD PARIS AND LONDON 1948-1949; LILLIBRIDGE, G. D; FIC: Sewanee Review	arrive	natural	natural	1	other; tell	speaker	as a substitute	
Many years later he would recall that Olivia had greeted him in a robe the color of cadmium sulfide (at least to him it was cadmium sulfide; to the rest of us, it would have just been another shade of yellow). [SEP] He told me how he stood in the doorway and drank her in, as if she were a tall glass of lemonade. [SEP] " When they told me who had	arrived	on the four thirty train, " he said, " I almost left on the five forty-seven. [SEP] " The moment he saw her, he wished he had worn a different suit, for the one he had on was shabby and torn at the cuffs. [SEP] No one else could have known how much the two of them had changed. [SEP] They had last seen each other before the war, back when her grip had been strong and he had not needed a thin stick with a silver handle .	natural	COCA;   2011; 2011; A Clever Science; Fishbane, Joel; FIC: New England Review	arrive	natural	natural	5	other; tell	theme	on the four thirty train	
My biggest pet peeve is people being late, also. [SEP] And sometimes, when I want to	arrive	" fashionably late " to a party or whatever, it always backfires on me.	natural	CORE;   Advice; The Importance of Being Punctual - Prolific Living; http://www.prolificliving.com/blog/2010/08/26/the-importance-of-being-punctual/	arrive	natural	natural	1	other; want	attitude holder	to a party	
She was glad that she had insisted on making an early start, for this would allow her plenty of time to see something of the countryside and the people as she went along. [SEP] She still had a long drive ahead of her. [SEP] The college to which she was going was almost four hundred and fifty miles from Lagos, her port of disembarkation, and as her car was fairly small and loaded with boxes and suitcases, and as she wanted to	arrive	looking fairly fresh, she had decided to spend three days over her journey. [SEP] The first day she had driven from Lagos to Ogunba, a distance of about one hundred and fifty miles, and had stayed the night at the Anglican Mission. [SEP] Now, on the second day, she had roughly one hundred and eighty miles to go before she arrived at Kagiri, a town in the very heart of the country.	natural	COCA; 1994; Apr94, Vol. 264 Issue 1539, p183, 6p; A bath on a west African verandah; Tong, Raymond; FIC: Contemporary Review	arrive	natural	natural	1	other; want	attitude holder	none	
Walmart members also cried foul when Walmart recently announced its earliest-ever Black Friday opening time: 8 pm on Thanksgiving. [SEP] OUR Walmart activist Goebel warned that for workers required to	arrive	hours earlier as a result, the holiday " will be totally consumed by Walmart, and their need to boost their bottom line.	natural	CORE;   News Report/Blog; When walmart workers strike: what you need to - The Nation; http://www.thenation.com/blog/171222/when-walmart-workers-strike-what-you-need-know-and-what-happens-next	arrive	natural	natural	1	other; warn	3rd	none	
" We wanted well-established restaurants that have talented chefs with a flair for presenting their food, " [SEP] Panasci said. [SEP] Krista Agramonte, spokeswoman for the National Kidney Foundation of Colorado, added that the Great Chefs event is three hours of pure chaos. [SEP] " The energy level is unreal, " she said. [SEP] " People	arrive	at 5:30, they line up and the doors to the ballroom open up at 6:30, and it's all done by 9. [SEP] It's a crazy, chaotic event. [SEP] "	natural	COCA; 1998 (19980225); FOOD; Pg. E-01; BEST of the WEST For one hectic evening, chefs get together and show their stuff; By Hsiao-Ching Chou, Denver Post Food Writer; NEWS: Denver Post	arrive	natural	natural	1	quote	3rd	none	
" Salmon swim a long way upriver to get here, " [SEP] Marcel said. [SEP] " But they	arrive	about the first of July each year and they keep on coming all through August.	natural	COCA; 1995 (Jul); Vol. 100, Iss. 3; pg. 46, 4 pgs; Wild river salmon; Robinson, Jerome B; MAG: field and stream	arrive	natural	natural	1	quote	3rd	none	
Piros and the gaunt man paused at the foot of the steps and bowed deeply. [SEP] " Your Majesty, " said the gaunt man, " our friend Piros has	arrived	. " [SEP] The King blinked hard several times, as if he were having trouble seeing. " Our friend Piros, " he said at last, and he had a lilting accent much like the gaunt man's. He thrust out his left hand, palm downward, the second finger showing a heavy signet ring that bore a ruby as large as a pigeon's egg, and he nodded.	natural	COCA; 2019 (2019/01/01); Vol. 136, Issue 1-2; The City of Lost Desire	arrive	natural	natural	5	quote	3rd	none	
" Stephan was just annoyed that my presence would keep him out of the card rooms. " [SEP] Sophia said lightly. [SEP] " Ravenshaw is an arse, " [SEP] Griffin muttered in her ear. [SEP] " Henry, doubly so. If they do anything to upset you, let me know and I will beat them bloody on your behalf. " [SEP] Sophia affectionately leaned into Griffin. [SEP] " It is one of the many reasons why I adore you. " [SEP] She felt Griffin stiffen as she straightened. [SEP] " Something amiss? " " Miss Roberts has	arrived	with her parents, " he said breathlessly. [SEP] Ah, yes, the mysterious Miss Roberts. [SEP] The lady was Viscount Burrard's daughter. [SEP] Griffin had been introduced to the eighteen-year-old young woman several days ago, and according to her friend he was smitten. [SEP] At seven-and-twenty and the second son of a viscount, Griffin's family had high hopes that he would secure the affections of an heiress this season.	natural	COCA; 2010; New York, N.Y. : St. Martins Paperbacks,Edition: St. Martins Paperbacks ed; Till dawn with the devil; Hawkins, Alexandra; FIC: Till dawn with the devil	arrive	natural	natural	5	quote	accompaniment	with her parents	
She opened the note and reread the part at the end, the words her mother's husband had scrawled there. [SEP] Your mother wants you out of the workhouse. [SEP] With no other options, I have arranged for you to go to America, where you will find work and no doubt prosper. [SEP] Pin this to your dress for the journey. [SEP] It is the name of a man my connections say will take good care of you in New York and arrange a job. [SEP] I have written him to let him know when you will	arrive	.	natural	COCA; 2013; Carol Stream, Illinois : Tyndale House Publishers, Inc., Grace''s pictures; Thomson, Cindy, 1960-; FIC: Grace''s pictures	arrive	natural	natural	1	quote	embedded listener	none	
Some of these boys mothers treated him with solicitous pity, others with polite distaste. [SEP] Now he forced himself to look at Jzsef 's mother as he said, " Yes, its very lucky. " " And where will you live in Paris? " He rubbed his damp palms against his knees. [SEP] " The Latin Quarter, I suppose. " " But where will you stay when you	arrive	? " " I imagine Ill just ask someone where students take rooms. " " Nonsense, " said the elder Mrs. Hsz, covering his hand with her own. " Youll go to Jzsef 's, thats what youll do. " The younger Mrs. Hsz gave a cough and smoothed her hair. " We shouldnt make commitments for Jzsef, " she said. " He may not have room for a guest. "	natural	COCA; 2010; New York : Alfred A. Knopf,Edition: 1st ed; The invisible bridge; Orringer, Julie; FIC: The invisible bridge	arrive	natural	natural	1	quote	embedded listener	none	
Ellis offers a final tip, good for all facets of traveling: [SEP] Be wary of strangers who become too friendly too quickly. [SEP] " You may meet someone who is so gracious and friendly, and you begin trading all kinds of confidences, including where you live and how long you will be away, " he explains. [SEP] " Then you	arrive	home to find the house cleaned out. [SEP] Of course, your newfound friends are long gone. [SEP] " [SEP] This scam is particularly common on cruise ships and group tours, says Ellis. " [SEP] In fact, it happened to a friend of mine. [SEP] "	natural	COCA; 1992 (19920510); TRAVEL; VACATION ADVISER; Pg. 3; A pack of tips to keep crime from blighting your next trip; Cynthia Boal Janssens; NEWS: Chicago Sun-Times	arrive	natural	natural	1	quote	homebase	home	
" You don't even know what I'm objecting to, do you? " [SEP] Delia asked. [SEP] " Well, no, " [SEP] Sam said. [SEP] " I don't. " [SEP] She got out of the car and walked toward the back steps. [SEP] Sam went to replace his bag in the Buick; she heard the clunk of his trunk lid. [SEP] " And Eliza! " he said as he followed her to the house. [SEP] " She kept asking my opinion of homeopathic medicine. " " You	arrived	here that very first day planning to marry one of the Felson girls, " Delia told him. She had unlocked the door now, but instead of entering she turned to face him. He was looking down at her, with his forehead creased. " Why, I suppose it must naturally have crossed my mind, " he said. " I'd completed all my training by then. [SEP] I'd reached the marrying age, so to speak. [SEP] The marrying stage of life. [SEP] "	natural	COCA; 1995; New York: Knopf; Ladder of Years; Anne Tyler; FIC: Ladder of Years	arrive	natural	natural	3	quote	listener	here	
Grissom stopped in front of a uniformed officer on watch at the near end of the crime scene. [SEP] Beyond the officer, Grissom saw the body slumped in a doorway alcove; a large, circular, silver tray lay on the carpet across the hall; and spaghetti, meat sauce, and the components of a tossed green salad lay scattered everywhere. [SEP] A white carnation, spilled out of its vase, lay at the corpse's feet like an impromptu funeral offering. [SEP] " Anyone been through here since you	arrived	? " Grissom asked. Garcia shook his head. He pointed to a rangy officer at the other end of the hall. " My partner, Patterson, had the manager let him up the fire stairs down there. " " Good work. " " Thank you, sir. "	natural	COCA; 2003; New York : Pocket Books; CSI: crime scene investigation : double dealer; Collins, Max Allan; FIC: CSI: crime scene investigation : double dealer	arrive	natural	natural	3	quote	listener	none	
" You did n't light the Hanukkah candles, " [SEP] Aunt Gen accused Janet, as they all sat in the living room. [SEP] She pointed to the mantel, where a brass menorah sat, unlit, full of pastel candles. [SEP] " But I did, " [SEP] Janet said, " at sunset, before you	arrived	. " She had responded quickly, in automatic self-defense, to ward off guilt, anger-all the emotions Aunt Gert could produce in Janet within seconds. " Today's candles have burned down, and these are the new ones in place, ready for tomorrow night, the eighth night. "	natural	COCA; 1999 (Dec); Vol. 229, Iss. 6; pg. 101, 4 pgs; A great miracle; Merrill Joan Gerber; MAG: Good Housekeeping	arrive	natural	natural	3	quote	listener	none	
Dinner at elBulli is a dazzling blend of cuisine, art and science, an event in and of itself. [SEP] Few of the dishes are readily identifiable. [SEP] Some require instructions on how to eat them, sometimes with your bare hands. [SEP] A match stick with a gold tip is actually freeze-dried soy that dissolves in your mouth. [SEP] Crispy, curly strips that look like pork rinds are made from cod. [SEP] " For me, elBulli is theater. [SEP] You	arrive	at eight, the curtain goes up and the show starts. [SEP] And you are part of the show, " said Spaniard Maria Calabuig, 39, a former chef who has eaten there six times and knows Adria well. [SEP] Adria compares dinner at elBulli to music. [SEP] Albeit music so complex, orchestrating it requires that kitchen and wait staff outnumber diners roughly 2-to-1.	natural	COCA; 2011 (110420); INTERNATIONAL NEWS; Spain^s elBulli restaurant closing, transforming; By DANIEL WOOLLS, Associated Press; NEWS: Associated Press	arrive	natural	natural	1	quote	listener	at eight	
While the Port Authority had not been immune to allegations of political influence, he had not seen anything in his research going back to the 1920s that compared to how Mr. Samson and Mr. Christie have used the bistate agency's vast resources to advance the governor's interests, at times benefiting Mr. Samson's clients in the process. [SEP] " Chris Christie has been very active in using the Port Authority for his own purposes, more so than any other governor, " said Mr. Doig, a research professor at Dartmouth College. [SEP] " And that increased when David Samson	arrived	. "' The General' and Christie Mr. Christie, 51, and Mr. Samson, 74, were lobbyists and lawyers in the 1990s, Mr. Christie at Dughi Hewit and Mr. Samson at his own firm. They served as the state's top law enforcement officers for a brief period of time: Mr. Christie as the United States attorney from 2002 to 2008, and Mr. Samson as the attorney general for 13 months starting in 2002.	natural	COCA; 2014 (140304); Section A; Column 0; Metropolitan Desk; Pg. 1; In Deals, Benefits for Christie and an Appointee; By RUSS BUETTNER; NEWS: New York Times	arrive	natural	natural	3	quote	protagonist	none	
" Over the years, " [SEP] Buffington and Jackson maintained, " rumors to the effect that Gus Coggins escaped from this disaster as a wealthy man have persisted. Nothing, in fact, could have been further from the truth. " Buffington and Jackson's evidence was that when Coggins reappeared a quarter century later he was living in " simple and humble " circumstances in Colorado before returning to Georgia, dying of leukemia, at the age of eighty-four. [SEP] " On the Sunday that he	arrived	back in Canton, " wrote Buffington and Jackson, " Gus Coggins was greeted by one hundred sixteen old friends who came to welcome him home. [SEP] " Buffington and Jackson explained that much of the old farm had been developed into other enterprises, and that only Coggins's old home and " the Rock Barn remain as the lone sentinels to the glory days of Gus Coggins and some of the finest harness and race horses ever produced in Georgia. "	natural	COCA; 2013; Winter 2013, Vol. 97 Issue 4, p411-446. 36p; Who Was the Real Gus Coggins?: Social Struggle and Criminal Mystery in Cherokee County, 1912-1927; WHEELER, KENNETH H.; COWART, JENNIFER LEE; ACAD: Georgia Historical Quarterly	arrive	natural	natural	3	quote	protagonist	back in Canton	
" Excellent, " [SEP] Toq said to the white-haired image of Captain Quvmoh on the screen before him. [SEP] " I will see you tomorrow. " // " Do not be late, Toq. The Gorlak will leave orbit of Qo'noS at high sun. I will not wait for you. " // " I will	arrive	on time. [SEP] I thank you, Captain. [SEP] " // " [SEP] Thank your father, [SEP] " Quvmoh grumbled. " He's the one I owe half a dozen favors to. "	natural	COCA; 2008; New York : Pocket Books,Edition: 1st Pocket Books pbk. ed.; A burning house; DeCandido, Keith R. A. Roddenberry, Gene. Berman, Rick. Piller, Michael,; 1948-;  FIC: A burning house	arrive	natural	natural	1	quote	speaker	none	
" You have naturally canceled the contract with the Security Company? " " The contract has been canceled. I understand that they have decided to take independent action, which of course you must deal with as you see fit. " " Exactly, " said Reith. [SEP] " We are leaving Settra at once and we accept Lord Cizante's offer of assistance. " [SEP] Helsse made a noncommittal sound. [SEP] " What are your plans? " " Essentially, to escape Settra with our lives. " " I will	arrive	shortly and take you to an outlying wheelway station. [SEP] At Vervodei ships leave daily for all quarters and no doubt you will be able to make a convenient departure. [SEP] " " [SEP] We will be ready at noon, or before. [SEP] "	natural	COCA; 1993; New York: TOR; Planet of Adventure; Jack Vance; FIC: Planet of Adventure	arrive	natural	natural	1	quote	speaker	none	
The next time he emerged, he sent word that he would like to talk with Dagget if the Administrator could spare him a few minutes. [SEP] Dagget appeared promptly, as oily polite and forthcoming as ever. [SEP] " I don't recall seeing an entry for salaries when I looked at the comptroller's records, " he said. [SEP] " Would you mind telling me what your salary is? " " I receive no salary, " Dagget said. [SEP] " What would I want a salary for? " [SEP] Lefarn said slowly, " The day I	arrived	here, you said something about my salary... " " But of course you have a salary. [SEP] You're city. [SEP] I'm Faqzwaal, so I have none. [SEP] " " [SEP] None of the city's administrators have a salary? [SEP] " " [SEP] Certainly not. [SEP] " The Comptroller and his assistants? " [SEP] Dagger shook his head emphatically.	natural	COCA; 2001 (Sep); Vol. 121, Iss. 9; pg. 8, 35 pgs; The King Who Wasn't; Lloyd Biggle Jr; FIC: Analog Science Fiction & Fact	arrive	natural	natural	3	quote	speaker	here	
We reach the Washington Bridge without saying a word. [SEP] She's emptied his cupboards and refrigerator; the bags are at her feet. [SEP] She's eating corn chips but I'm too nervous to join in. [SEP] " Is this the best way? " She asks. [SEP] The bridge doesn't seem to impress her. [SEP] " It's the shortest way. " [SEP] She folds the bag shut. [SEP] " That's what he said when I	arrived	last year. [SEP] I wanted to see the countryside. [SEP] There was too much rain to see anything anyway. [SEP] " [SEP] I want to ask her if she loves her boss, but I ask instead, " [SEP] How do you like the States? [SEP] " [SEP] She swings her head across at the billboards. " [SEP] I'm not surprised by any of it , " she says.	natural	COCA; 1996 (Spring); Vol. 38, Iss. 138; pg. 333, 1 pgs; Edison, New Jersey; Diaz, Junot; FIC: The Paris Review	arrive	natural	natural	3	quote	speaker	last year	
The MTA couldn't scramble enough shuttle buses to meet demands, and riders were either had to walk or shove themselves onto packed buses. [SEP] A parade of potential straphangers walked down 4th and 5th Aves. [SEP] in Brooklyn as New Yorkers, always resourceful, took their commutes into their own hands. [SEP] Meanwhile, at Atlantic Ave., the scene was manic. [SEP] Police officers were instructing confused subway riders to platforms with no service. [SEP] Some officers said the R train was running when it wasn't; others said a B or Q would	arrive	to ferry passengers toward Brighton Beach and Coney Island.	natural	CORE;  News Report/Blog; Amidst a fire, seeking alternate routes :: Second Ave. Sagas; http://secondavenuesagas.com/2012/08/15/amidst-a-fire-seeking-alternate-routes/	arrive	natural	natural	1	say	3rd	none	
Doctors noted how limiting linguistic barriers are (Spanish is spoken by the doctor, but many patients are most comfortable speaking a Mayan language) and how little time is available to attend to each patient. [SEP] The doctors said that unless patients	arrive	with a family member who speaks Spanish (son, daughter, or husband) and who can translate, it is difficult to overcome language barriers.	natural	COCA; 2017; Oklahoma City Vol. 76, Iss. 2,  (Summer 2017): 160-170; Adherence to Type 2 Diabetes Treatment Protocols Among Indigenous Women of Western Guatemala; GoldÃ­n, Liliana; ACAD: Human Organization	arrive	natural	natural	1	say	3rd	none	
" I had an idealized picture in my head of what it would be like to work for the government, " recalled Laura Freeze, 28, who started sending applications to USAJobs, the main federal jobs board, two years ago. [SEP] She had received a master's degree in public administration from Indiana University, taught English in China and worked for United Way as a VISTA fellow. [SEP] But Freeze got rejection after rejection, computer-generated form letters that she said would	arrive	six months after each application. [SEP] She gave up.	natural	COCA; 2015 (150104); Pg. B06; Millennials just not that into fed jobs; Lisa Rein; NEWS: Washington Post	arrive	natural	natural	1	say	3rd	none	
By mid-morning I'd reached a small village beyond which, I knew from a glance, the climb into the mountains began. [SEP] Hungry, I found a solitary restaurant. [SEP] I pushed on the heavy wooden door and entered a deep, unlit room with dark furniture. [SEP] Seeing no one, I called out, and a man stepped through a doorway behind the bar. [SEP] I explained my needs as best I could. [SEP] He said the chef had yet to	arrive	and the restaurant wouldn't open for a few hours.	natural	COCA; 2011; Oct 2011; Food for a Weary Soul; McCarthy, Andrew; MAG: National Geographic Traveler	arrive	natural	natural	1	say	3rd	none	
Her thoughts were interrupted by Eric's recalling with wry affec-tion, " My dad belonged to this book club, and after he died, the books kept right on coming. [SEP] Mom just lets them pile up. [SEP] Once, when I asked why she pays for books she doesn't read, she said she likes having them	arrive	in the mail each month, the same as if Dad were still around. [SEP] "	natural	COCA; 1998; Penguin, New York; Thorns of Truth; Eileen Goudge; FIC: Thorns of Truth	arrive	natural	natural	1	say	3rd	none	
Other countries in the Far East could be affected since many parts for machinery and electronic products moved from Kobe to supply their industries. [SEP] Thailand, for example, sends back food and coal in return. [SEP] Also, about 40 percent of the exports of steel from South Korea moved through Kobe and Osaka, and producers were delaying shipments to see what alternate means would open up. [SEP] What many managers found particularly difficult was the uncertainty. [SEP] " We simply don't know, " Mr. Roberts, the Ford official, said about whether enough engines would	arrive	to keep the lines running	natural	COCA; 1995 (19950121); QUAKE IN JAPAN: COMMMERCE;KOBE EARTHQUAKE DISRUPTS THE FLOW OF GLOBAL TRADE; By AGIS SALPUKAS; NEWS: New York Times	arrive	natural	natural	1	say	3rd	none	
He said, "Welcome to our little auction. The bidding begins now, and it ends when I hear the offer I like most. " [SEP] He said nothing more; too much talk would kill the drama. [SEP] Winsting took the drink one of his servers offered and stepped out to mingle, then hesitated as he looked over the crowd. [SEP] " Edwarn Ladrian is not here, " he said softly. [SEP] He refused to call the man by his silly moniker, Mister Suit. [SEP] " No, " Flog said. [SEP] " I thought you said everyone had	arrived	! " [SEP] " Everyone who said they were coming, " Flog said. He shuffled, uncomfortable. [SEP] Winsting pursed his lips, but otherwise hid his disappointment. He'd been certain his offer had intrigued Edwarn.	natural	COCA; 2016; Shadows of self; Brandon Sanderson; FIC: Shadows of self	arrive	natural	natural	5	say	3rd	none	
Despite periodic cleanups of the accumulated trash at the site, the shooters who used the range didn't take responsibility for it. [SEP] After some livestock were shot and killed on neighboring private land, there were calls to close the range completely. [SEP] To turn things around, the BlM closed the site for two weeks for a cleanup and then posted a law enforcement ranger at the entrance to screen those coming to the range. [SEP] The BlM said people who	arrived	with appliances, glass botles, paint cans, pumpkins, furniture, pallets, and such were told to take them back home. [SEP] Shooters who seemed somewhat careless, young, and inexperienced were more carefully watched. [SEP] " My goal was to educate, not to hammer people, " said Chuck Ward, the ranger who monitored the shooters.	natural	COCA; 2012; Apr 2012; KEEPING RANGES OPEN; Snow, John B; MAG: Outdoor Life	arrive	natural	natural	3	say	accompaniment	with appliances, glass botles, paint cans, pumpkins, furniture, pallets, and such	
My father has an inveterately late sister. [SEP] There was a period when she was in her 40s and single that my Dad would pick her up and drive her into work. [SEP] He told her if she wasn't ready he'd go. [SEP] I believe he did once. [SEP] She was never late (for him to pick her up) again but that ability to organise herself hasn't flowed through. [SEP] The saddest thing I ever heard though was a friend talking, years ago, about her youth. [SEP] She said she always	arrived	early because she knew she wasn't one of the " in " people and so would be forgotten if she weren't there. [SEP] No-one would wait for her.	natural	CORE; Advice; The Importance of Being Punctual - Prolific Living; http://www.prolificliving.com/blog/2010/08/26/the-importance-of-being-punctual/	arrive	natural	natural	3	say	attitude holder	none	
I had a snapped torsion spring and needed it fixed. [SEP] I also had an ancient Genie screw drive motor that I'm pretty sure the neighbors 3 blocks away could hear each time we opened our garage door. [SEP] I called Art who answered right away, we talked about the cost to replace the springs and some options for openers. [SEP] He said they'd	arrive	the next day between 9-10 after they finished a job they had that morning.	natural	CORE; Interactive Discussion; Up & Down Garage Doors - La Mesa - La Mesa, CA; http://www.yelp.com/biz/up-and-down-garage-doors-la-mesa	arrive	natural	natural	1	say	attitude holder	none	
At one point in February 2015, Kidder offered to clear snow from Nelson's driveway near 83rd and Maple Streets. [SEP] " Bird has encountered mechanical problems, " he wrote. [SEP] " But I'll still get your driveway dug out tomorrow. Not sure what time. " [SEP] " That's fine, " Nelson wrote back. [SEP] " No biggie. If you don't make it, I'll still be able to get in&out. " [SEP] Kidder said he was going to	arrive	about 8:30 a.m.	natural	COCA; 2016 (16-09-15); Man on trial for murder sent a lot of texts to victim, but many went ...; NEWS: Omaha World-Herald	arrive	natural	natural	1	say	attitude holder	none	
Our husbands were professors at Columbia or the University of Chicago and just that past month the Physics Lab was renamed the Metallurgical Lab, though no one in the lab, especially our husbands, were metallurgists, or did any kind of metal extracting. [SEP] The college hired armed guards to be posted inside the doors of the Metallurgical Lab, and in the last weeks even the wives were no longer permitted to enter. [SEP] Our husbands said, I'll go on ahead, or, We'll all go together, or, I can't say when I will	arrive	but you should get on the train and set up house now. [SEP] We suggested our husbands take a job in Canada instead. [SEP] They declined the suggestion.	natural	COCA; 2014; New York : Bloomsbury,Edition: First U.S. edition; The wives of Los Alamos :a novel; Nesbit, TaraShea.; FIC: The wives of Los Alamos :a novel	arrive	natural	natural	1	say	attitude holder	none	
About 27.2 million employees expect to see their work impacted the Monday after the series finale of " Game of Thrones, " according to a survey released last week by The Workforce Institute at Kronos Incorporated. [SEP] The survey found about 10.7 million employees in the U.S. will skip work to watch the final episode of " Game of Thrones, " which first aired Sunday night. [SEP] About 2.9 million said they would	arrive	to work late Monday morning. [SEP] The survey was conducted online from May 7-9 of this year, quizzing 1,090 employed U.S. adults ages 18 and older, said The Workforce Institute. [SEP] It's not just the final episode of " Game of Thrones " that has halted productivity. [SEP] The survey claims more than 20 million employees admit the show's final season has had an impact on their work attendance and/or performance.	natural	COCA; 2019 (19-05-20); 'Game of Thrones' finale could kill productivity at work, says survey	arrive	natural	natural	1	say	attitude holder	to work	
Kristen wrote to him in a joyful, loopy scrawl from Middlebury on a postcard which bore a bright blue picture of the school's ski team. [SEP] The card said Sophie wanted Frank to	arrive	home early because she was giving him a surprise graduation party. [SEP] Kristen was meddling in her parents' lives with characteristic thoughtfulness, not wanting Frank to disappoint Sophie by being late, not wanting him to be so surprised himself that he couldn't enjoy the party.	natural	COCA; 1993; Spring93, Vol. 29 Issue 2, p357, 16p; The Graduation.; Walker, Jeanne Murray; FIC: Southern Review	arrive	natural	natural	1	say	embedded listener	home	
DULANEY [SEP] There's an item you picked up that's marked. [SEP] Will you read it? [SEP] JOANNE [SEP] Dristan nasal spray. [SEP] DULANEY [SEP] Would you read for us the time of the purchase? [SEP] JOANNE [SEP] Three fifteen. [SEP] DULANEY [SEP] A.M -- or P.M.? [SEP] JOANNE [SEP] P.M. [SEP] DULANEY [SEP] You see that's what bothers me. [SEP] No other bottle of nasal spray was found in the house. [SEP] The police looked. [SEP] There was only the one bottle. [SEP] But you say you didn't	arrive	until after Mr. Marsh was dead -- yet we know he was using the nasal spray prior to his death. [SEP] How do you think it got there? [SEP] JOANNE [SEP] I don't know.	natural	COCA; 1993; Body of Evidence; FIC: Body of Evidence	arrive	natural	natural	1	say	embedded listener	none	
" You know he's not the (high school) coach, but what are you going to do? " [SEP] Smith said. [SEP] " I'm sure colleges get caught in the middle of it. If he calls somebody and says,' I'm this kid's guy,' then they feel obligated to' recruit' him as well. " [SEP] Richardson claimed to represent William Avery of Augusta, now at Duke. [SEP] That was until the player's mother got wind of it. [SEP] Avery's mother, Terry Simonton, said she	arrived	home one night to learn her son and other players had skipped a summer-league game to spend time with Richardson, who was in town showing off a Lexus he said was owned by an NBA player. [SEP] " I had colleges telling me that he was putting my son's name out there, saying he was representing him and stuff, " Simonton said. [SEP] " When coaches came to visit me during recruiting time, I told them, ' I represent my son. ' "	natural	COCA; 1998 (19980510); SPORTS; Hoops ^agent^ under scrutiny; Mike Fish; NEWS: Atlanta Journal Constitution	arrive	natural	natural	3	say	homebase	home	
Before the girl could respond, the familiar voice of Kathleen's best friend, Isabel Steadman, wafted from the dark interior. [SEP] " We are all fine, Kathleen. Just unexpectedly detained this morning. " [SEP] Isabel stepped out of the shadows and, dismissing the girl with a smile and a nod, she swung the door open wide. [SEP] " [SEP] Come in. Come in. [SEP] When I passed through the kitchen a few moments ago, Cook said she could serve up dinner as soon as you	arrived	. " [SEP] Kathleen glanced down at the brown spatters on her Sunday-best dress. " My boots are a muddy mess after traveling the footpath from church. Perhaps I should leave them here on the porch. " She scraped her feet back and forth across the doormat in an attempt to dislodge the worst of the caked-on mud.	natural	COCA; 2017; Small-town brides romance collection : 9 romances develop under the watchful eyes of neighbors; Janet Lee Barton; FIC: Small-town brides romance collection : 9 romances develop under the watchful eyes of neighbors	arrive	natural	natural	3	say	listener	none	
That night I lost faith in my phone's GPS when it led me down a rolling two-lane road that ran between cornfields and then crumbled into dust. [SEP] When it said I had	arrived	, I pulled over, my car canting sideways toward the drainage ditch. [SEP] I decided Holly had lied to me, but that meant she'd also lied to the DMV. [SEP] I'd copied the address from her license.	natural	COCA; 2018 (2018/06/22); Vol. 54, Issue 3; Thank You, Dark	arrive	natural	natural	5	say	speaker	none	
EMMA: Mother and Dr. Darling have me under observation. [SEP] They think I tried to kill you. [SEP] STEED: Why should they think that? [SEP] EMMA: You told them. [SEP] You said I	arrived	on a camel, shot you four times. [SEP] Left you for dead. [SEP] STEED: Frankly that's how I remember it. [SEP] EMMA: But that's absurd. [SEP] I may not be over-fond of you, Steed, but it's not my style. [SEP] STEED: Perhaps your memory plays tricks, Mrs. Peel.	natural	COCA; 1998; Avengers, The; FIC: Avengers, The	arrive	natural	natural	3	say	speaker	on a camel	
The second tale apparently has nothing to do with the first. [SEP] It describes the narrator as a young boy in the early 1950s entering in midyear the class of Paul Bereyter, his new teacher: " There I stood, in my dark green pullover with the leaping stag on it, in front of fifty-one fellow pupils, all staring at me with the greatest possible curiosity, and, as if from a great distance, I heard Paul say that I had	arrived	at precisely the right moment, since he had been telling the story of the stag's leap only the day before " (Emigrants, p. 30). [SEP] It is a simple encounter that conveys the teacher's sensitivity as well as the gratitude of the narrator who, thirty years later, will be troubled by the news of Bereyter's suicide and will set out to learn his history.	natural	COCA; 2003 (Fall); Fall2003 Issue 106, p102-122, 20p, 6bw; The Edge of Darkness: On W.G. Sebald; Anderson, Mark M; ACAD: October	arrive	natural	natural	5	say	speaker	at precisely the right moment	
The six dogs paddled ashore, and Alika watched as they climbed up onto the bank and shook the water from their tough coats. [SEP] They moved out into the closing dusk as a pack. [SEP] Ideally, they'd run straight to the village, unless they encountered a bear. [SEP] They'd surely attack it, Alika knew, and all six could be killed. [SEP] He hoped the inuas, the always watching and listening heavenly spirits, would direct the dogs away from any prowling nanuks. [SEP] Alika thought that if the dogs	arrived	safely, his papa and the other villagers would quickly figure out what might have happened.	natural	COCA; 2005; Orlando, Fla. :; Harcourt; Ice drift; Taylor, Theodore, 1921-2006; FIC: Ice drift	arrive	natural	natural	5	think	3rd	homebase	
Too late Annie had discovered there weren't enough plates, cutlery or even enough chairs. [SEP] And, embarrassed -- because it somehow seemed to defeat the whole object -- she'd had to call Diane and drive down and borrow some. [SEP] Then she'd realized that the only table big enough to use was the one she was using for her desk, so she'd had to clear it and now all her machinery was stacked on the floor with her papers and magazines. [SEP] The evening had started in panic. [SEP] Annie was used to entertaining people who thought the later you arrived the cooler you were, so it hadn't occurred to her that they'd	arrive	on the dot. [SEP] But at seven, when she hadn't even changed, there they were, all but Tom, walking up the hill.	natural	COCA; 1995; Delacorte Press, New York; The Horse Whisperer; Nicholas Evans; FIC: The Horse Whisperer	arrive	natural	natural	1	think	3rd	homebase	
Diana's coffin is on a gun carriage, accompanied by members of the Welsh Guard and the King's Troop of the Household Cavalry. [SEP] Accompanying her as she moves, her ex-husband, Prince Charles, her two sons, William and Harry, Earl Spencer, her brother, and the Queen's sister -- I beg your pardon, the Queen's husband, the Duke of Edinburgh. [SEP] Other members of the royal family and the Spencer family have already gathered in Westminster Abbey. [SEP] The first lady, Mrs. Clinton, I think, has	arrived	with the British Ambassador Admiral William Crowe. [SEP] Various members of what is described by the royal palace as Diana's celebrity friends are here. [SEP] The news services are saying that Tom Hanks is here, Diana Ross, Tom Cruise and his wife Nicole Kidman, and Steven Spielberg said to be here as well.	natural	COCA; 1997 (19970906); DIANA, PRINCESS OF WALES; SPOK: ABC_Special	arrive	natural	natural	5	think	accompaniment	with the British Ambassador Admiral William Crowe	
I wasn't gon na fall asleep during the biggest movie of the year. [SEP] No way. [SEP] I'm not that lame. [SEP] So I was as well-prepared to stay awake as I could possibly get. [SEP] But almost immediately, the night went to shit. [SEP] On the Metro ride into D.C., my friend, KSK editor Mike Tunison (who was hitting the screening with me), texted that he had already arrived at the theater and that the line to get in " was not short ". [SEP] We thought	arriving	two hours early might help us get a decent seat. [SEP] We were wrong.	natural	CORE;   Opinion Blog; If You Support The Scab Refs Because Of Your Politics, You're; http://deadspin.com/5944876/if-you-support-the-scab-refs-because-of-your-politics-youre-either-a-moron-a-profootballtalk-commenter-or-both	arrive	natural	natural	2	think	attitude holder	none	
It was spring and they had crawled out of their sleeping bags later than planned, making it mid-morning before they hit the trail. [SEP] Then, Viv stopped to look at ev ery Indian paintbrush growing along the path to Refrigerator Canyon and up all those heart-crunching zigzags. [SEP] " These colors are neon, " she said. [SEP] " Desert flowers want to be found. They want to be pollinated, " he replied. [SEP] Under the midday sun, the two-hour hike had taken closer to three, and at each crest Viv thought they had	arrived	, forgetting that once on a trail a person often loses sight of the peak.	natural	COCA; 2015; Summer2015, Vol. 73 Issue 3, p479-494. 16p; From the Museum of Found Things.; GLEN LOUIS, LAURA; FIC: Antioch Review	arrive	natural	natural	5	think	attitude holder	none	
" I tell kids to only apply where they will be happy, " [SEP] Mr. Mernin says. [SEP] But he's skeptical about that attitude taking hold anytime soon. [SEP] " Look, if they think a brand on their kid's diploma will give their kid security, people have shown they will work very, very hard to provide that, " Mernin says. [SEP] " We all know you can get a world-class education at the University of Illinois, but none of my students wants to go there. None. " [SEP] Newton, the Dartmouth student, thought it was odd when he	arrived	as a freshman that a number of his classmates felt disappointed to be there.	natural	COCA; 2002 (20021224); FEATURES; Is the ''push'' mentality warping higher ed?; By Mark Clayton Staff writer of The Christian Science Monitor;  NEWS: Christian Science Monitor	arrive	natural	natural	3	think	attitude holder	Dartmouth	
Later that night, the train stopped at the station in Nice, and the two young girls pulled down the window to look out at the immense dome of wrought-iron under which chilly travelers bustled. [SEP] A cold wind blew through the station and Pouce and Poussy were pale with fatigue; they were shivering. [SEP] Then the train was off again, going more slowly now. [SEP] At each station they thought that they'd	arrived	and would lean out to read the names: Beaulieu, Cap d'Ail.	natural	COCA; 2001 (Summer); Vol. 47, Iss. 2; pg. 13, 26 pgs; The great life; J M G Le Clezio; FIC: Chicago Review	arrive	natural	natural	5	think	attitude holder	each station	
The three men scattered like scrap paper swept off a desktop by a sudden draft. [SEP] Fatty, also highly motivated, flopped over on his hands and knees and crawled a short distance and then hoisted himself up, courtesy of the rusty back bumper of a Dodge Ram 1500. [SEP] As he and his buddies hustled away, the deputy nodded in approval. [SEP] " Evening, ma'am, " she said to Bell. [SEP] " Deputy Sturm. [SEP] Thought you might be	arriving	right about now. [SEP] " [SEP] " [SEP] Met the welcoming committee. [SEP] " Bell stepped out of the Explorer and gestured toward the severe darkness that bordered the lot, a bottomless pit into which the four men had disappeared.	natural	COCA; 2014; New York : Minotaur Books,Edition: First edition; Summer of the dead; Keller, Julia; FIC: Summer of the dead	arrive	natural	natural	2	think	embedded listener	right about now	
Gina: Ashley? [SEP] Ashley: Gina. [SEP] Gina: Hi. [SEP] Ashley: Hi, how are ya? [SEP] Gina: Good, sweetheart. [SEP] Ashley: Have you seen Paul? [SEP] I'm supposed to meet him here. [SEP] Gina: Well, I think you're the first to	arrive	then. [SEP] Ashley: Okay. [SEP] I guess he's running a little late. [SEP] Gina: I'm sure he'll show up. [SEP] May I get you a table? [SEP] Ashley: No, that's okay. [SEP] I'll just wait here. [SEP] Thanks. [SEP] Gina: Okay. [SEP] Let me know if you need anything. [SEP] Ashley: I will.	natural	COAS; 2005 (2005-05-20); Young and Restless; Young and Restless	arrive	natural	natural	1	think	listener	none	
Rahad watched his friend as he lifted his cup to his lips. [SEP] Again, something was wrong with the way Wyatt spoke. [SEP] " Your English is improving, my friend, " he said. [SEP] " Gorge is not word I know. " [SEP] Wyatt wiped his mouth and let out a breathy, tittering sigh. [SEP] " Nothing is improving, sahib, " [SEP] Wyatt said, his tone changing, his eyes emptying of the eager joy he seemed to carry in abundance. [SEP] " Life is easier if people think you just	arrived	, you know? [SEP] They expect, twenty years here and you should have made it. [SEP] " It took a moment for Rahad to realize, given his own troubles with English, that his friend was speaking without his unmistakable lilt. [SEP] Now Wyatt sounded like the Indians Rahad had known in Baltimore and Tehran.	natural	COCA; 2018 (2017/06/22); Vol. 53, Issue 3; A Big True	arrive	natural	natural	3	think	listener	none	
ASSURAS: When you immigrated to the United States, you were 19 years old and you had huge expectations, didn't you? [SEP] Mr-McCOURT: Well, this w -- this was the golden land for -- for most people who come here, so I -- I -- I thought I'd just -- I -- I thought I'd	arrive	here, get off the boat and -- and go marching up Fifth Avenue like Fred Astaire and Ginger Rogers, and that music would play in the background because all the movies had music in the background. I thought that -- that's how it was in America. [SEP] ASSURAS: It didn't happen that way, though, did it? [SEP] Mr-McCOURT: No, it didn't because somebody has to take out the garbage. [SEP] And that's -- that's the kind of job I got right away.	natural	COCA; 1999 (19990921); FRANK MCCOURT, AUTHOR OF "'TIS," DISCUSSES HIS LIFE AND HIS NEW SEQUEL TO THE SPECTACULARLY SUCCESSFUL "ANGELA'S ASHES"; SPOK: CBS_Morning	arrive	natural	natural	1	think	listener	here	
Sierra: Hi. [SEP] Lucinda: I had just about given up on you. [SEP] Hello, my darling. [SEP] Hey, I thought you were going to	arrive	on the 8:30 flight last night. [SEP] Sierra: I did. [SEP] Lucinda: Oh. [SEP] Oh, did you go straight to Bryant and talk with him? [SEP] Sierra: I haven't seen him yet, actually. [SEP] I had a little errand to run. [SEP] Got home late, didn't want to wake him up.	natural	CAS; 2001 (2001-07-26); As the World Turns; As the World Turns	arrive	natural	natural	1	think	listener	on the 8:30 flight	
I have said to people, I never even thought about the possibility of being secretary of state before, because who would have ever thought that a girl who	arrived	from Czechoslovakia at age 11, could become secretary of state of the most powerful country in the world?	natural	COCA; 1997 (19970124); Madeleine Albright's First Media Appearance; Panel Discussion of the O.J. Simpson Trial and the JonBenet Ramsey Murder Case; SPOK: CNN_King	arrive	natural	natural	5	think	speaker	from Czeckoslovakia	
The first time I saw the Mercedes-Benz star revolving over Europa Center, West Berlin's triumphant commercial hub, I knew I was home. [SEP] I had a room in a hotel near the main West Berlin station. [SEP] I didn't even turn on the light as I tossed in my bag. [SEP] I hit the heavy-named streets, delight in my stride. [SEP] You would have thought I'd	arrived	in Venice. [SEP] But I'd read quite a bit about how the not-old-for-Europe structures of West Berlin, stripped of decoration, felt squeezed by postwar functionalism. [SEP] I pranced to the central shopping mall. [SEP] West Berlin was the outpost of Western prosperity, the floating island of neon and pleasure deep inside Communist territory. [SEP] This was its core.	natural	COCA; 2017; Black Deutschland; Darryl Pinckney; FIC: Black Deutschland	arrive	natural	natural	5	think	speaker	in Venice	
